{"train": [1.1569246480950213, 0.9869877891202944, 0.9236107800914123, 0.8863046343347668, 0.8475419198517251, 0.8122644841143515, 0.8131121718778019, 0.7917947542350904, 0.7817241623338345, 0.7851296156908558], "valid": [0.9976381560166677, 0.9250191748142242, 0.9217030803362528, 0.9509159326553345, 0.9238848040501276, 0.9096337258815765, 0.9368794212738673, 0.9568000237147013, 0.9252242396275202, 0.8910142779350281]}