{"train": [0.979897141456604, 0.925157904624939], "valid": [1.1238257884979248, 1.119410514831543]}