{"train": [1.154599700353842, 0.9865873756661879], "valid": [1.011736551920573, 0.9597989469766617]}