{"train": [0.25148094317008707, 0.2510676753932032, 0.25083255151222494, 0.25075890586293975, 0.25061849376250955, 0.2506510029579031, 0.2505290467163612, 0.2505342765101071, 0.2505082940233165, 0.25046144271719045, 0.2504998630490796, 0.25045542264806814, 0.25038842394434174, 0.2504071182218091, 0.25041190920204953, 0.2503511052707146, 0.25034580662332734, 0.25033032585834636, 0.25036000486077936, 0.2503118062841481, 0.2503164862764293, 0.25030265183284367, 0.25027243947160654, 0.25026162636691124, 0.25027064722159814, 0.25028800450522326, 0.2502658161623725, 0.250274114567658, 0.25023645265349026, 0.250259177438144, 0.25024726678585185, 0.2502295970916748, 0.25022481947109615, 0.25022073963592795, 0.2502173801948284, 0.2502045765005309, 0.2502040595843874, 0.25021409166270286, 0.2502059628223551, 0.2502053606099096], "valid": [0.25141342480977374, 0.2509068747361501, 0.25078676144282025, 0.2507290045420329, 0.25067447622617084, 0.25059543053309125, 0.25053083896636963, 0.25047744313875836, 0.25050418575604755, 0.25043439865112305, 0.2504492402076721, 0.2504153350989024, 0.25052295128504437, 0.2503780921300252, 0.25036705533663434, 0.2503443956375122, 0.25030962626139325, 0.25027957558631897, 0.2502719263235728, 0.25026171406110126, 0.2502604325612386, 0.2502386271953583, 0.2502245306968689, 0.25022751092910767, 0.2502575119336446, 0.25023046135902405, 0.2502259810765584, 0.2502220670382182, 0.25021181503931683, 0.2502034505208333, 0.25019986430803937, 0.2502240737279256, 0.25019304951032, 0.2501775324344635, 0.2501809100310008, 0.25017908215522766, 0.2501808702945709, 0.25018752614657086, 0.2501823902130127, 0.250177005926768]}