{"train": [0.1258131146430969, 0.1256243844827016, 0.12552381058533987, 0.12547341883182525, 0.1253929744164149, 0.12533861299355825, 0.12531962196032206, 0.12530929446220399, 0.12529607117176056, 0.1252855549256007, 0.12529120842615762, 0.1252794106801351, 0.1252639353275299, 0.12524993419647218, 0.12525395651658375, 0.12522130310535431, 0.1252565304438273, 0.12521992127100626, 0.12521891693274181, 0.12523175378640491, 0.12520397802193958, 0.12519484559694927, 0.12519487539927165, 0.12521929343541463, 0.12519043783346812], "valid": [0.12596096098423004, 0.125642329454422, 0.1255183145403862, 0.12544355541467667, 0.1253950148820877, 0.12532168626785278, 0.12528850138187408, 0.12528730183839798, 0.12526468932628632, 0.12526413053274155, 0.12528206408023834, 0.12523796409368515, 0.12522513419389725, 0.12520527094602585, 0.1252032369375229, 0.1252010241150856, 0.1251976191997528, 0.12520064413547516, 0.12519213557243347, 0.12517254799604416, 0.1251758709549904, 0.12517323344945908, 0.12517903745174408, 0.12520302087068558, 0.12516435235738754]}