{"train": [0.554495757617558, 0.5305805743446671, 0.5022246553156144, 0.47340489115723944, 0.4482598877569981, 0.4359464595591338, 0.4299144637109038, 0.4208670861628882, 0.41407019412725643, 0.4124773055723778, 0.4101886449014754, 0.4089626408277307, 0.4061546161064781, 0.40356297859750184, 0.4024887277821353, 0.4019361101927008, 0.4004183237875192, 0.39932085909971277, 0.39754005250267854, 0.3960782502617622, 0.3955425350297419, 0.39506094581319806, 0.39348680130264113, 0.39256647273786643, 0.3927549556863873, 0.39150837178985376, 0.3912249738698886, 0.39103021528432497, 0.3909641167803893, 0.38891870522885547, 0.3882020768010408, 0.3877597214686603, 0.387082052609867, 0.3867986646487826, 0.38556980075978875, 0.3860617161465999, 0.38518817470109373, 0.38551659870920635, 0.38539301198988485, 0.3844371061409798], "valid": [0.5362286028567325, 0.5270630951677815, 0.5181826810153682, 0.49589715512950766, 0.43908190057518776, 0.4427166296524948, 0.45000174407208904, 0.4429872864752673, 0.4501403360889199, 0.42985101814350385, 0.43540366697177457, 0.4775313835465506, 0.45101313577609115, 0.42946988360935384, 0.42843622019451655, 0.42485678949382866, 0.4331867237774174, 0.41047288745306854, 0.40549285743343694, 0.42149155528357857, 0.40400670887379164, 0.4030951626515121, 0.43656120340475874, 0.4017424653755145, 0.4117158262917165, 0.40995785443300614, 0.39601709249984013, 0.4120791408787952, 0.4046286697802919, 0.40251780878961757, 0.4230722063378002, 0.40952981740571137, 0.3983481199888701, 0.40033447675490647, 0.414111622431305, 0.4044703154751424, 0.40610810762710786, 0.41028257065944457, 0.40348095170567544, 0.3966976178161214]}