{"train": [0.09842768410841624, 0.0778092180689176, 0.0744727020462354, 0.0729469507932663, 0.07081385254859925, 0.07080094516277313, 0.0695559208591779, 0.0687378575404485, 0.06827724923690161, 0.06929803689320882, 0.06771501104036967, 0.067336272696654, 0.06906983902057012, 0.06777896583080292, 0.06835386256376902, 0.06658913840850195, 0.0663555309176445, 0.06702057023843129, 0.06556592484315237, 0.0654542292157809, 0.06620066563288371, 0.06465648164351781, 0.06538690825303396, 0.06531634281078974, 0.06584491779406866, 0.06417419761419296, 0.06371720731258393, 0.06390711565812429, 0.063700699309508, 0.06417899032433828], "valid": [0.08503974564870197, 0.08013234039147694, 0.08211593826611836, 0.0758129854996999, 0.07441585262616475, 0.07258135577042897, 0.07148180405298869, 0.0704241693019867, 0.06989817818005879, 0.07038359344005585, 0.07009411851565044, 0.06935717165470123, 0.06835053364435832, 0.06839687128861745, 0.06836076577504475, 0.07040959099928538, 0.06544814507166545, 0.06492940584818523, 0.06425127387046814, 0.0630479206641515, 0.06382783750693004, 0.06358779470125835, 0.0636116365591685, 0.06299296021461487, 0.06341733038425446, 0.06349336604277293, 0.06358738243579865, 0.06319753328959148, 0.06303365528583527, 0.06239605446656545]}