{"train": [0.08391027847925822, 0.08378826479117076, 0.08373711506525676, 0.08368445138136546, 0.08364542225996653, 0.0836165875196457, 0.08359197775522868, 0.08357187807559967, 0.08356092075506846, 0.08355863491694132, 0.08354102472464243, 0.0835329403479894, 0.08353941241900126, 0.08352282345294952, 0.08352502087752024, 0.0835093080997467, 0.08350848158200581, 0.08350649178028106, 0.08349773784478505, 0.08350080748399098, 0.0834993024667104, 0.08349141677220663, 0.0834925889968872, 0.08349536955356598, 0.08349256416161856], "valid": [0.0841113527615865, 0.08387413620948792, 0.08378773927688599, 0.08370792865753174, 0.0837206741174062, 0.08359482884407043, 0.08359119296073914, 0.08357759316762288, 0.08356136083602905, 0.08354353904724121, 0.08352845907211304, 0.08352771401405334, 0.08351041873296101, 0.08350768685340881, 0.08349702755610149, 0.08350401123364766, 0.08349634210268657, 0.08349426587422688, 0.08349276582400005, 0.08348085482915242, 0.0834811528523763, 0.08347952365875244, 0.08347926537195842, 0.08348283171653748, 0.08347594738006592]}