{"train": [0.25121775783341505, 0.25064126581981266, 0.25047857083123304, 0.2505143551990904, 0.2504350234722269, 0.25047870853851584, 0.25038627817712983, 0.25041006454106035, 0.2504164997873635, 0.25036894658516196, 0.25043050585121945, 0.25035654984671496, 0.2502990683604931, 0.2503098239158762, 0.2503032262982993, 0.2502826092572048, 0.25027117030373935, 0.25028378696277226, 0.2503143651732083, 0.2503200913297719, 0.25028569225607245, 0.25026244027861233, 0.2502500445678316, 0.2502307264969267, 0.250243845684775, 0.2502332699709925, 0.2502349378733799, 0.2502291798591614, 0.2502230508574124, 0.25022445670489607, 0.25023729533984745, 0.2502306679199482, 0.2502221054044263, 0.2502389396059102, 0.2502202144984541, 0.2502090509595542, 0.25020855356907024, 0.25020155618930684, 0.2502107424982663, 0.2502034974509272], "valid": [0.25080562631289166, 0.2505236268043518, 0.2504690686861674, 0.25049705306688946, 0.2505437135696411, 0.25044240554173786, 0.2503736913204193, 0.25042664011319477, 0.250427504380544, 0.2503281931082408, 0.25032514333724976, 0.250276913245519, 0.2502716581026713, 0.2502437134583791, 0.25023805101712543, 0.2502539853254954, 0.2502941886583964, 0.25023170312245685, 0.2502246896425883, 0.250227818886439, 0.25023260712623596, 0.25024327635765076, 0.2502244810263316, 0.25021518270174664, 0.25022714336713153, 0.25021664301554364, 0.2502415080865224, 0.2501932978630066, 0.25021396080652875, 0.25020389755566913, 0.25022552410761517, 0.25024713079134625, 0.2502167224884033, 0.2502382795015971, 0.2502371867497762, 0.25019784768422443, 0.25018168489138287, 0.25019646684328717, 0.25018303592999774, 0.2501927415529887]}